Number of processors,Sequential,Parallel: MPI Static,Parallel: MPI Dynamic,Parallel: MPI + OpenMP
2,63.27922558784485,61.84005403518677,64.63978934288025,157.37519359588623
4,63.27922558784485,59.42943048477173,23.537123441696167,43.97871446609497
8,63.27922558784485,59.85746932029724,10.944626092910767,20.56141948699951
