Number of threads,Sequential,Parallel: OpenMP BFS,Parallel: OpenMP Tasks
2,8.637121200561523,5.55782151222229,4.909225940704346
4,8.637121200561523,3.2840609550476074,2.6108028888702393
6,8.637121200561523,2.576747179031372,1.7198078632354736
8,8.637121200561523,2.539461612701416,1.5070319175720215
10,8.637121200561523,2.7615156173706055,1.674473524093628
12,8.637121200561523,2.909679889678955,1.6387300491333008
14,8.637121200561523,3.010568857192993,1.7904841899871826
16,8.637121200561523,3.125704288482666,1.6489171981811523
18,8.637121200561523,3.1835649013519287,1.6261277198791504
