Number of threads,Sequential,Parallel: OpenMP BFS,Parallel: OpenMP Tasks
2,1.2487499713897705,0.8508248329162598,0.6650590896606445
4,1.2487499713897705,0.5977659225463867,0.3539762496948242
6,1.2487499713897705,0.5436000823974609,0.24207568168640137
8,1.2487499713897705,0.580193042755127,0.24305129051208496
10,1.2487499713897705,0.6727504730224609,0.2608792781829834
12,1.2487499713897705,0.6630141735076904,0.2587141990661621
14,1.2487499713897705,0.6762776374816895,0.2589142322540283
16,1.2487499713897705,0.6967785358428955,0.25307798385620117
18,1.2487499713897705,0.7007791996002197,0.25585007667541504
