Number of processors,Sequential,Parallel: MPI Static,Parallel: MPI Dynamic,Parallel: MPI + OpenMP
2,8.669808626174927,10.34133791923523,10.632742404937744,25.201916694641113
4,8.669808626174927,9.710084438323975,4.693273305892944,8.551079034805298
8,8.669808626174927,9.2196683883667,2.9381284713745117,4.551000595092773
