Number of threads,Sequential,Parallel: OpenMP
2,62.58345580101013,35.718616008758545
4,62.58345580101013,18.530702114105225
6,62.58345580101013,12.317958116531372
8,62.58345580101013,10.545382261276245
10,62.58345580101013,11.752167224884033
