Number of nodes,Sequential,Parallel: MPI BFS,Parallel: MPI Dynamic,Parallel: MPI + OpenMP BFS,Parallel: MPI + OpenMP Tasks
2,9.206756353378296,5.976309061050415,3.848588705062866,89.43843102455139,25.757473468780518
4,9.206756353378296,5.85619854927063,3.7918801307678223,17.49145007133484,8.798259019851685
6,9.206756353378296,5.933643102645874,3.808645486831665,11.75590181350708,5.9967200756073
8,9.206756353378296,5.844521522521973,3.790567398071289,9.328593730926514,4.7478296756744385
10,9.206756353378296,5.739649534225464,3.79557728767395,8.000652551651001,4.051860094070435
