Number of threads,Sequential,Parallel: OpenMP
2,1.2873947620391846,0.670708179473877
4,1.2873947620391846,0.3594512939453125
6,1.2873947620391846,0.2578589916229248
8,1.2873947620391846,0.2601780891418457
10,1.2873947620391846,0.270735502243042
