Number of nodes,Sequential,Parallel: MPI BFS,Parallel: MPI Dynamic,Parallel: MPI + OpenMP BFS,Parallel: MPI + OpenMP Tasks
2,64.60383772850037,22.786185264587402,14.937006950378418,321.4510757923126,163.35771942138672
4,64.60383772850037,22.63082504272461,16.4114727973938,58.90573239326477,43.7313756942749
6,64.60383772850037,22.55140447616577,14.91191840171814,38.32252383232117,26.535484552383423
8,64.60383772850037,22.933849811553955,14.807868242263794,29.20633625984192,19.584826469421387
10,64.60383772850037,22.45707058906555,15.099307775497437,24.15527844429016,15.504377365112305
