Number of threads,Sequential,Parallel: OpenMP BFS,Parallel: OpenMP Tasks
2,8.596006155014038,5.489840507507324,4.925112724304199
4,8.596006155014038,3.2658705711364746,2.5347986221313477
6,8.596006155014038,2.5578014850616455,1.7470157146453857
8,8.596006155014038,2.6112112998962402,1.6332368850708008
10,8.596006155014038,2.7295081615448,1.6311402320861816
12,8.596006155014038,2.8438355922698975,1.6524512767791748
14,8.596006155014038,3.008631944656372,1.6587390899658203
16,8.596006155014038,2.9979212284088135,1.6811542510986328
18,8.596006155014038,3.056877851486206,1.6531219482421875
