Number of threads,Sequential,Parallel: OpenMP
2,8.594533205032349,4.969288110733032
4,8.594533205032349,2.563157796859741
6,8.594533205032349,1.7830071449279785
8,8.594533205032349,1.5184955596923828
10,8.594533205032349,1.6563878059387207
