Number of processors,Sequential,Parallel: MPI Dynamic,Parallel: MPI + OpenMP
2,1.2391331195831299,3.3614003658294678,5.0389933586120605
4,1.2391331195831299,2.286445379257202,2.7683486938476562
6,1.2391331195831299,2.1120986938476562,2.2825562953948975
8,1.2391331195831299,1.9871234893798828,2.046428680419922
10,1.2391331195831299,1.9758496284484863,1.952744722366333
