Number of threads,Sequential,Parallel: OpenMP BFS,Parallel: OpenMP Tasks
2,64.74024724960327,37.92659282684326,33.74152374267578
4,64.74024724960327,20.725443601608276,18.02349281311035
6,64.74024724960327,14.878464698791504,12.127012968063354
8,64.74024724960327,13.959981203079224,10.498592138290405
10,64.74024724960327,15.14904236793518,12.003534317016602
12,64.74024724960327,15.279978513717651,10.642874002456665
14,64.74024724960327,15.577892780303955,11.31286072731018
16,64.74024724960327,15.643951177597046,10.724873304367065
18,64.74024724960327,15.566012382507324,10.625946283340454
