Number of threads,Sequential,Parallel: OpenMP BFS,Parallel: OpenMP Tasks
2,1.277068853378296,0.8560266494750977,0.6867446899414062
4,1.277068853378296,0.5893247127532959,0.35156679153442383
6,1.277068853378296,0.5675990581512451,0.24969100952148438
8,1.277068853378296,0.5933055877685547,0.24078726768493652
10,1.277068853378296,0.644542932510376,0.252657413482666
12,1.277068853378296,0.6684966087341309,0.25269389152526855
14,1.277068853378296,0.6841089725494385,0.2540125846862793
16,1.277068853378296,0.696744441986084,0.25403618812561035
18,1.277068853378296,0.6930508613586426,0.2549302577972412
