Number of nodes,Sequential,Parallel: MPI BFS,Parallel: MPI Dynamic,Parallel: MPI + OpenMP BFS,Parallel: MPI + OpenMP Tasks
2,1.263622760772705,2.797995090484619,2.1807312965393066,18.78813099861145,5.126171112060547
4,1.263622760772705,2.769089937210083,2.1964337825775146,5.00081992149353,3.037975311279297
6,1.263622760772705,2.7294812202453613,2.139434576034546,3.857131004333496,2.4319846630096436
8,1.263622760772705,2.7472519874572754,2.1515097618103027,3.362515687942505,2.2044129371643066
10,1.263622760772705,3.4839236736297607,2.1612257957458496,3.0809500217437744,2.0747883319854736
