Number of nodes,Sequential,Parallel: MPI BFS,Parallel: MPI Dynamic,Parallel: MPI + OpenMP BFS,Parallel: MPI + OpenMP Tasks
2,64.85864329338074,22.74667263031006,15.144963502883911,323.5307991504669,154.95667123794556
4,64.85864329338074,22.68854832649231,15.316110849380493,59.32639169692993,42.8443500995636
6,64.85864329338074,22.87741708755493,14.871747970581055,38.009032011032104,26.4942843914032
8,64.85864329338074,22.81657385826111,14.752740383148193,29.076778173446655,19.691658973693848
10,64.85864329338074,22.816817045211792,14.858215808868408,24.13479208946228,15.609353065490723
