Number of nodes,Sequential,Parallel: MPI BFS,Parallel: MPI Dynamic,Parallel: MPI + OpenMP BFS,Parallel: MPI + OpenMP Tasks
2,94.09631037712097,6.006136655807495,9.216612339019775,85.7287368774414,73.20416951179504
4,94.09631037712097,4.002917289733887,9.159165859222412,6.3408472537994385,5.839971542358398
6,94.09631037712097,3.4244792461395264,9.55494499206543,4.488731622695923,3.675220489501953
8,94.09631037712097,3.2087161540985107,9.81652307510376,3.7315454483032227,3.2357466220855713
10,94.09631037712097,3.1466333866119385,10.221065521240234,3.276879072189331,3.195405960083008
