Number of threads,Sequential,Parallel: OpenMP BFS,Parallel: OpenMP Tasks
2,0.31923770904541016,0.19078922271728516,0.16544103622436523
4,0.31923770904541016,0.12633419036865234,0.10726571083068848
6,0.31923770904541016,0.1097102165222168,0.07980656623840332
8,0.31923770904541016,0.09445738792419434,0.054024457931518555
10,0.31923770904541016,0.08806729316711426,0.057348012924194336
12,0.31923770904541016,0.08447933197021484,0.05934572219848633
14,0.31923770904541016,0.08444499969482422,0.056954145431518555
16,0.31923770904541016,0.07168388366699219,0.03477215766906738
18,0.31923770904541016,0.07033967971801758,0.04844069480895996
