Number of threads,Sequential,Parallel: OpenMP BFS,Parallel: OpenMP Tasks
2,94.10050010681152,47.7855589389801,49.442588329315186
4,94.10050010681152,24.927297830581665,25.85799789428711
6,94.10050010681152,17.013755559921265,20.546794176101685
8,94.10050010681152,12.9375638961792,16.11135983467102
10,94.10050010681152,11.881403923034668,12.292201042175293
12,94.10050010681152,10.297497749328613,11.668472528457642
14,94.10050010681152,9.400923728942871,11.960630655288696
16,94.10050010681152,8.40198016166687,11.858185052871704
18,94.10050010681152,7.625992059707642,11.830817699432373
