Number of threads,Sequential,Parallel: OpenMP BFS,Parallel: OpenMP Tasks
2,4.811221122741699,2.5849368572235107,2.643639326095581
4,4.811221122741699,1.4070382118225098,1.4826135635375977
6,4.811221122741699,0.9820787906646729,0.927074670791626
8,4.811221122741699,0.8013057708740234,0.9120643138885498
10,4.811221122741699,0.7172398567199707,0.6813821792602539
12,4.811221122741699,0.6345372200012207,0.6876842975616455
14,4.811221122741699,0.5902674198150635,0.7032392024993896
16,4.811221122741699,0.5353093147277832,0.69140625
18,4.811221122741699,0.4990255832672119,0.45694422721862793
