Number of nodes,Sequential,Parallel: MPI BFS,Parallel: MPI Dynamic,Parallel: MPI + OpenMP BFS,Parallel: MPI + OpenMP Tasks
2,0.308504581451416,2.1807360649108887,1.8366727828979492,4.2652575969696045,1.7985193729400635
4,0.308504581451416,2.065608024597168,1.8580493927001953,1.8978428840637207,1.6199367046356201
6,0.308504581451416,2.08699107170105,1.9265186786651611,1.840017557144165,1.568803071975708
8,0.308504581451416,2.2083802223205566,1.9231679439544678,1.7440671920776367,1.5618460178375244
10,0.308504581451416,2.2108664512634277,1.9013359546661377,1.7102546691894531,1.5783641338348389
