Number of nodes,Sequential,Parallel: MPI BFS,Parallel: MPI Dynamic,Parallel: MPI + OpenMP BFS,Parallel: MPI + OpenMP Tasks
2,4.871281623840332,2.3641250133514404,2.249075412750244,10.554021120071411,5.428452730178833
4,4.871281623840332,2.217022657394409,2.288635730743408,2.5738906860351562,1.8210499286651611
6,4.871281623840332,2.176260232925415,2.3081181049346924,2.28334379196167,1.7519335746765137
8,4.871281623840332,2.2288146018981934,2.2958486080169678,2.113823890686035,1.720282793045044
10,4.871281623840332,3.131249189376831,2.3644049167633057,1.9893848896026611,1.6418063640594482
