Number of nodes,Sequential,Parallel: MPI BFS,Parallel: MPI Dynamic,Parallel: MPI + OpenMP BFS,Parallel: MPI + OpenMP Tasks
2,505.6011607646942,31.3276846408844,52.860408544540405,479.4999096393585,461.3057451248169
4,505.6011607646942,21.82226848602295,52.96305751800537,61.98277831077576,104.33980774879456
6,505.6011607646942,20.96206521987915,52.31548738479614,38.54523825645447,69.45067811012268
8,505.6011607646942,20.605005502700806,52.10287356376648,30.594364881515503,52.65198302268982
10,505.6011607646942,20.171323776245117,52.96644353866577,23.295068502426147,43.402204513549805
