Number of nodes,Sequential,Parallel: MPI BFS,Parallel: MPI Dynamic,Parallel: MPI + OpenMP BFS,Parallel: MPI + OpenMP Tasks
2,7.804894685745239,3.7546956539154053,2.370069980621338,54.40104293823242,8.644372463226318
4,7.804894685745239,3.5298690795898438,2.337977647781372,12.080349683761597,2.8043372631073
6,7.804894685745239,3.520277976989746,2.41890287399292,8.808757066726685,2.3533289432525635
8,7.804894685745239,3.612860918045044,2.3687520027160645,7.2145631313323975,2.1968352794647217
10,7.804894685745239,4.262958526611328,2.3889219760894775,6.468368768692017,2.0992071628570557
