Number of threads,Sequential,Parallel: OpenMP BFS,Parallel: OpenMP Tasks
2,7.93539023399353,5.1088879108428955,4.178492069244385
4,7.93539023399353,3.3467864990234375,2.281092643737793
6,7.93539023399353,2.8660566806793213,1.607245922088623
8,7.93539023399353,2.7274587154388428,1.2887780666351318
10,7.93539023399353,2.687286138534546,1.203676462173462
12,7.93539023399353,2.6436562538146973,1.0981290340423584
14,7.93539023399353,2.6213018894195557,0.9767711162567139
16,7.93539023399353,2.5589616298675537,0.9063036441802979
18,7.93539023399353,2.510960340499878,0.897367000579834
