Number of threads,Sequential,Parallel: OpenMP BFS,Parallel: OpenMP Tasks
2,505.27787017822266,273.2111072540283,281.9054307937622
4,505.27787017822266,143.5280303955078,159.91931748390198
6,505.27787017822266,97.14234375953674,110.81242799758911
8,505.27787017822266,79.62934350967407,88.73783683776855
10,505.27787017822266,70.12315917015076,79.66640877723694
12,505.27787017822266,62.02204465866089,66.76798725128174
14,505.27787017822266,61.76590371131897,67.56560039520264
16,505.27787017822266,55.34489727020264,54.97468948364258
18,505.27787017822266,49.03372645378113,52.318663597106934
