Number of threads,Sequential,Parallel: OpenMP BFS,Parallel: OpenMP Tasks
2,500.61354064941406,273.8257894515991,273.7849934101105
4,500.61354064941406,144.34735894203186,159.33056569099426
6,500.61354064941406,99.16494345664978,110.35357451438904
8,500.61354064941406,77.05076670646667,87.40860390663147
10,500.61354064941406,71.92760872840881,79.43913912773132
12,500.61354064941406,61.20450568199158,67.2328314781189
14,500.61354064941406,63.04814958572388,67.63711857795715
16,500.61354064941406,56.642242431640625,55.379024028778076
18,500.61354064941406,45.85804486274719,53.23786234855652
